,Season 3
0,408.01376413560484
1,288.24607268919965
2,70.76003364234232
3,0.17322536277772788
4,9.386461011570162
5,395.61332955008004
6,738.0023646068852
7,1965.1212879804602
8,1634.0512675464831
9,1821.8406953955728
10,1894.9130297342995
11,1593.7847270045106
12,2113.5295742102257
13,2265.056334116455
14,2734.3749104462477
15,2575.517227732388
16,2478.4559755886635
17,2300.0444935759874
18,2148.545717646228
19,2158.3835792512095
20,1615.6289838462487
21,1735.2813087616867
22,536.9272310208268
23,6.10563685743437
24,1327.0812483545196
25,2663.530480454738
26,2791.0021023802365
27,2706.1814404297115
28,1905.776539354897
29,1220.7504564355656
30,847.3907100949831
31,542.787947267908
32,404.9219718703834
33,296.33489113113774
34,218.53965560719044
35,196.8873334267982
36,151.54158114920773
37,126.72100992579206
38,138.7687510477598
39,1.8427935690495183
40,9.16010908299115
41,14.491028286975743
42,10.055317684461778
43,23.522994224356594
44,26.980680757883267
45,11.722605520661803
46,27.93501417413078
47,10.627616180880894
48,0.008498655936967275
49,2.9028247355899937
50,15.696821085127798
51,2.6430021830745756
52,0.8765494853763286
53,0.7706297069456443
54,5.6599477961314175
55,46.681769715724414
56,312.6947499176258
57,886.8940154236298
58,670.6917611775012
59,1634.8554388801006
60,1744.6117552103663
61,1598.572451406645
62,1340.8493657505035
63,693.8659397483867
64,272.98396009334334
65,55.56144521199673
66,11.76076999878155
67,62.84847300700799
68,85.92084854766112
69,40.87038614894653
70,125.54375959958146
71,143.8955660128575
72,162.3913066094216
73,150.30322931553184
74,168.599005135888
75,125.5691587879769
76,102.34341834102695
77,39.16405538685985
78,18.309954312019862
79,9.673101096172807
80,13.06519099754353
81,18.547742358896457
82,7.295202649910443
83,6.925149191045773
84,11.416819534409948
85,4.879416586101592
86,22.648635250939474
87,36.67078265901853
88,16.974370341330026
89,37.365258859357986
90,37.04940610720424
91,38.83053706074648
92,47.00041674748112
93,43.407121560547616
94,38.89336754871505
95,31.097159422784348
96,15.877254440873413
97,28.62529710338451
98,25.30374891794578
99,25.78775971966633
100,27.44478403001707
101,34.74392661148416
102,23.683851832286397
103,23.77832890354295
104,31.42426213370952
105,34.73631427744381
106,31.452112304833634
107,32.65485474750437
108,34.64298637747787
109,33.18350233371534
110,32.0360419420576
111,31.19374039160384
112,31.244715508100093
113,29.369422340579167
114,31.644839073704997
115,32.43492845075687
116,24.300201640812812
117,34.081867985515316
118,30.327446796513133
119,29.470866076219735
120,30.87872740636891
121,24.742595909051616
122,27.20836479691066
123,35.668340478234576
124,31.059726750408874
125,32.32390692846218
126,30.10124921875161
127,29.31231468054757
128,34.15504319105423
129,29.37242981479254
130,31.85104120456906
131,37.379727628477916
132,32.247815120122226
133,32.96272948716283
134,30.209294623694948
135,248.26250165263792
136,173.79093871525222
137,145.7856631449649
138,148.19703302966988
139,136.56035979162505
140,126.69804847744378
141,132.54957354726605
142,120.24709766486819
143,117.34935444300805
144,128.58920262081082
145,112.62896943114104
146,122.1828858766373
147,115.95990540671565
148,113.5056953461759
149,122.85479102770485
150,110.82666450333225
151,109.8478938570258
152,122.49461112295775
153,122.31470977663199
154,113.94577400060844
155,106.09372135913242
156,121.38713294203622
157,113.30344523465986
158,114.20578046613122
159,107.40117519521377
160,117.00293803123182
161,93.91097298029138
162,116.07722283722629
163,122.84225284504424
164,110.8071771270448
165,110.0931349597959
166,105.28642179390125
167,121.83986536422125
168,107.38393121735403
169,114.25976909490412
170,104.47035034072347
171,103.09369431060476
172,119.36360223815188
173,108.56773519183294
174,102.18082284939103
175,122.67087913887913
176,103.32789807905833
177,106.02855992743821
178,125.34249556557995
179,118.83667883374578
180,112.42512910246971
181,107.00835360305801
182,116.3928383189636
183,119.32283924028609
184,120.13788802698303
185,116.22805461174885
186,123.78180869051947
187,113.95434595983595
188,123.2548334442867
189,120.79895464862456
190,116.83786660199205
191,121.86621919573093
192,111.58195647746732
193,108.63331564114011
194,116.77499517231344
195,118.81320560680533
196,106.76224557685343
197,112.78857216946152
198,115.56064249245273
199,100.52502492798324
200,95.26869309972535
201,101.07894373852932
202,95.7976716869857
203,83.90337477392201
204,83.17644552917649
205,81.74545014197322
206,108.36236025593938
207,96.91629264708799
208,106.98804603075301
209,102.6489429805451
210,75.4466503569212
211,114.99830110183991
212,106.98607981397453
213,85.6089173641321
214,140.9727783786033
215,102.24107027414634
216,109.35801910337781
217,109.89586896347473
218,111.25819910023968
219,114.62075882957171
220,102.10754762926813
221,109.00454303067137
222,115.37202451486483
223,106.52293171038185
224,108.3210456252808
225,100.18797823158674
226,113.96961944183947
227,113.85539139632134
228,116.3858380370151
229,115.08240473813888
230,123.25988314945886
231,82.84956425516569
232,85.01236474676061
233,87.40054250103235
234,96.54087847176855
235,88.42304489276957
236,83.7773446062108
237,101.83035983969374
238,100.43234103127035
239,93.0805599504375
240,96.97927960463852
241,99.31421310753505
242,96.66812109076803
243,95.64546356551699
244,94.06375306385536
245,99.2619139191774
246,93.1467583844281
247,94.20963519564854
248,101.11265858561927
249,86.17539851318344
250,90.28595723081384
251,97.95192277815478
252,104.6076439139346
253,94.39145001064706
254,91.69391026918883
255,100.67684266766473
256,94.50828673287057
257,92.65222237952597
258,98.66723139842188
259,91.187057975725
260,97.07487362593727
261,99.65519688734356
262,90.92619880174294
263,101.03274838151482
264,101.36092347202616
265,90.66563216150954
266,93.28990267050523
267,93.66449658421583
268,95.85990341980386
269,98.18497478601134
270,99.5006408667323
271,93.57948825245022
272,90.73679718369428
273,103.1082844366923
274,98.10394978898196
275,94.87659017518878
276,99.5135808301329
277,98.70998882383235
278,101.15708384249245
279,95.11173092125996
280,90.32112234838503
281,97.81011340608916
282,93.70803436450231
283,92.47773850521071
284,99.07641861208702
285,88.28428732206989
286,97.45936612119282
287,100.97512421827119
288,89.90499841260933
289,98.98632370265466
290,91.25119294557722
291,95.13237984936295
292,99.47652619509581
293,104.39488170925213
294,94.61755130135029
295,101.1822745943087
296,94.18762490972928
297,98.59067014292573
298,95.4503259964003
299,103.31346761148185
300,91.83425122069701
301,96.340374873433
302,105.58723113054735
303,96.66693402448911
304,98.95260323169617
305,93.55052720787805
306,94.77857034232768
307,93.23224962053229
308,101.85806893947921
309,94.95225166908509
310,99.12121586635766
311,93.938313378369
312,95.5539344281479
313,99.63445343532138
314,92.26369498331724
315,92.98258274865985
316,106.87966558426692
317,96.48598761754933
318,100.73609477639579
319,91.53961430245158
320,102.58826430150903
321,102.84853258954712
322,92.72116554867162
323,93.28233052027166
324,100.66560212425107
325,92.24006307661988
326,101.62183270994339
327,361.52977118021056
328,272.20803742649264
329,263.78290020405626
330,224.26694655089742
331,224.50519536434717
332,236.9759733471732
333,174.8164025336361
334,228.0020056369656
335,226.13975328069478
336,225.082454407734
337,219.60478383449694
338,222.92981634349428
339,213.46236011612297
340,221.4471982188135
341,223.87855751792833
342,218.4905625433269
343,213.9608521432358
344,220.96577229619393
345,216.91336568384762
346,213.4420963144101
347,224.32693020260962
348,220.34045318529374
349,225.28072106238648
350,221.00923057132522
351,213.41581940766133
352,217.18032410169013
353,218.2321200285522
354,208.43080931169806
355,222.53892745360355
356,218.53697249647905
357,203.1246247288759
358,222.31433049124598
359,208.96959174874138
360,210.02640679925952
361,220.60844746303977
362,205.09498946900612
363,211.6872912534814
364,217.3988267860318
365,207.43474489790407
366,208.23317087444633
367,196.61273340475898
368,217.15411673470354
369,205.46621398144788
370,202.1724209200496
371,203.6715453514949
372,194.81046546784458
373,218.49634903806725
374,228.24706830184272
375,204.43999259743143
376,223.16699920584986
377,214.08160712652614
378,199.2264771120936
379,199.88783564140883
380,202.51918517794206
381,138.07935563773137
382,42.56536472720162
383,17.437293858132218
384,5.8364914365247405
385,0.8732066171365264
386,1.632985242222326
387,10.788351200136287
388,21.677660984941934
389,45.05908963011873
390,70.72484035237487
391,103.01190313905022
392,144.61998304934093
393,282.0164042522742
394,536.955647489418
395,818.8060779347705
396,958.6306217510025
397,1593.7099573334951
398,2379.623942748142
399,2454.593613934873
400,2683.156457450334
401,2949.0650297843727
402,2904.1730922023344
403,2940.770944791515
404,2793.306469009122
405,2255.5510679915446
406,1890.0688047264398
407,1534.6248935792332
408,1282.6217597153816
409,763.0324629142003
410,847.4302943961218
411,313.30999185272645
412,53.99010774284993
413,181.19583576258074
414,1.7192667523234642
415,113.20343789059098
416,235.11933381310322
417,6.930451092757196
418,75.01891544433688
419,889.0841268095813
420,1208.5097227968072
421,1316.8826703831244
422,2307.480320581529
423,2743.7956684036158
424,2421.6769551625393
425,2302.718701477493
426,2045.7256924476003
427,1858.9048726791991
428,1838.112255917162
429,1686.7877892514257
430,1808.1091564088003
431,1863.0138139687726
432,1648.9450024236028
433,1567.934784704888
434,1722.922173809355
435,1457.6407050592054
436,1584.882401022427
437,1759.9427637945842
438,1621.1414227777054
439,1529.1607615856963
440,1174.7574924140729
441,1152.3342643082974
442,833.2500689863997
443,394.2394383961473
444,1181.6782425227984
445,1208.828325740532
446,1630.1826484884189
447,1347.6893050954172
448,1547.7585151758076
449,1687.358210193795
450,1548.8290197346735
451,1577.405558920147
452,1609.6645505039162
453,1526.0235545810797
454,1529.6950652041899
455,1216.0442080244666
456,773.3841171789226
457,228.4839786101218
458,258.9293878419319
459,219.80831930202444
460,43.25370349055595
461,49.830249572410594
462,21.03011580210911
463,2.0507399585916883
464,112.16444206086605
465,249.57561617866014
466,247.0620041617907
467,331.8091241503959
468,663.3489601509533
469,875.2922778550878
470,1013.7061084436073
471,1002.7168862964907
472,917.7642782881073
473,736.2210425866822
474,637.0111476162235
475,296.0407939640178
476,137.29702248908404
477,59.42007710564027
478,95.61093346087374
479,87.88631255111397
480,23.89051778592908
481,65.73334163839701
482,151.90029025302888
483,219.16888105498282
484,208.42298085966516
485,199.6013606188866
486,128.41459205752054
487,76.29821003129184
488,14.477916826514235
489,0.00033475949028177954
490,160.52313541044362
491,161.38075689004853
492,52.71976573800587
493,26.45522898113065
494,19.5154566782222
495,75.45417552141201
496,132.0228367745845
497,318.54593626921616
498,759.0877783651896
499,402.5006420307999
500,665.9110316979695
501,1066.6198739183235
502,770.5568697805716
503,419.5834134985473
504,434.6293218758092
505,987.6456634330702
506,1134.2728029427058
507,1311.504360660608
508,1507.3922327589287
509,2241.889109051886
510,1865.2826562240375
511,1669.2226707839388
512,2385.3234926181285
513,2112.6932615658593
514,2083.2785133336242
515,2221.2436812233404
516,1862.4701914988777
517,1858.3462178884017
518,1278.9563320068596
519,409.54422075980807
520,412.9699994414162
521,500.43580795647546
522,517.6464458572215
523,484.63648017804564
524,411.249110427256
525,617.0586040984315
526,402.14259177634773
527,1010.069309663172
528,778.6361712637455
529,521.6232901981018
530,613.9500301517955
531,871.2786970379351
532,832.176039326115
533,808.4268790321078
534,731.9399514823363
535,497.65872630947894
536,723.1049216643047
537,705.2331114428653
538,831.8577990215557
539,684.6920006738922
540,719.5591195559483
541,851.0684624230095
542,752.0681151188327
543,770.563755310236
544,778.4615901512587
545,757.5250646405798
546,698.0421346124122
547,889.4446094103577
548,602.3644689554916
549,383.95253657144195
550,364.9048212845889
551,312.6220988198103
552,223.5145047136548
553,337.66040269471847
554,332.1587225593106
555,136.02608435546242
556,0.31182397208070717
557,168.16709367846008
558,481.1745294892419
559,1621.0804643998133
560,2067.3150447337143
561,2166.333236529443
562,1906.573132834826
563,1652.281668330911
564,1301.8472433359714
565,943.0032521213614
566,786.4144581652002
567,703.3442796766641
568,516.0133070231084
569,536.2897132213493
570,473.1991596072073
571,122.25585344731809
572,0.11338920365046361
573,296.2734099550493
574,207.8598252926727
575,434.6885685986415
576,483.21982107734135
577,333.3241767312856
578,328.9690547396123
579,413.5854569681563
580,28.781957153045333
581,0.20917175820089037
582,217.77124507351255
583,365.4223697788112
584,500.93230031320417
585,377.3576941042135
586,420.4066706599347
587,425.29247600989424
588,319.88044231845953
589,69.27560940885076
590,0.06512088775764632
591,665.8497838318543
592,445.1490633447522
593,584.4808039566145
594,3465.293444807743
595,650.832908811972
596,406.07351303701756
597,770.8085862122878
598,982.3481585629123
599,390.9651815149213
600,463.139294106159
601,242.2227989589149
602,8.623583275464211
603,229.52315364355343
604,848.3390792695527
605,6.705752180725001
606,206.44665911928251
607,429.29278194726805
608,488.6378488267772
609,570.4908808051994
610,797.3518038399982
611,728.7015520717632
612,1037.5665445974657
613,1452.5799822828205
614,1965.0818534482532
615,2178.6924974155495
616,1769.9501121108704
617,1230.5932388880128
618,776.658928474389
619,945.998037461944
620,1283.2713082547418
621,1609.8177861147017
622,1142.8454171035855
623,1506.0571207476578
624,1437.6927240050347
625,1079.3494527848147
626,1276.9672558977675
627,1371.2053895781096
628,1070.2552225561544
629,999.5505760072654
630,1158.8421946419178
631,1088.6498483927023
632,782.7376308844658
633,569.5502826896367
634,335.78263301297494
635,305.741046172585
636,419.9648741253353
637,323.05929639723456
638,4.910318144140768
639,0.14653357466802133
640,194.68823263237263
641,457.3459773085436
642,837.0303296926675
643,886.268021523467
644,742.9014348606829
645,574.0382780972582
646,599.6339208646311
647,171.8062782404365
648,144.90010881318472
649,484.4294770146595
650,118.19875685577956
651,1354.624724356015
652,1931.8129350998304
653,1785.5866134692349
654,1770.3486909934882
655,1020.0078733292064
656,646.5601383283926
657,417.75280250305724
658,249.0974151035959
659,241.4168407266287
660,188.1114901144232
661,353.0963234070034
662,188.5493328849483
663,277.80139700070436
664,212.19690402417493
665,191.64168882595922
666,239.3035739520031
667,206.90235386933887
668,58.84939137358336
669,161.88383924656466
670,92.20595324683687
671,7.604613303454443
672,189.98329772790083
673,3.9121217902270637
674,1187.7559453888964
675,19.324738890025326
676,129.38941313284872
677,1455.9323564882384
678,1.9704900838934003
679,27.87234366914994
680,521.8031186908313
681,769.3666731877831
682,74.5253040281616
683,2088.260203211669
684,2096.0987472757183
685,2575.276711612411
686,911.5783293769277
687,225.64787271589086
688,485.18379971769696
689,404.81317763415615
690,251.98906210772586
691,467.1201804636631
692,77.17175403711539
693,0.012874644527420162
694,28.570222850476025
695,34.200048506182824
696,238.40366183906556
697,484.69627728816056
698,308.97697329686923
699,196.9649155690317
700,514.6697984824904
701,1124.639295200977
702,843.0434454397998
703,605.9315295289936
704,10.331634893754059
705,30.67830506263265
706,99.18487640370523
707,686.5161049810549
708,269.2976180113482
709,682.3595551042296
710,881.7554764982087
711,150.6817523781317
712,0.8563393627256576
713,28.688194650775902
714,74.68268111979481
715,33.93193717087282
716,6.5346848753046345
717,7.7059909445205585
718,18.971094472248527
719,6.7800586220527075
720,10.390132528072462
721,0.18415648706209425
722,7.578311996806306
723,0.6560737485680478
724,0.0025396796328320355
725,1.845867158901151
726,0.03276924292660519
727,6.668742759126197
728,46.295461576269794
729,124.01747641507059
730,133.63194590183903
731,0.7487157367055172
732,0.14835222498177347
733,284.2713509082896
734,988.0350810065652
735,2315.8444411640444
736,5723.836227148761
737,7379.056725876243
738,6334.11906941281
739,6255.99375038123
740,5191.356596347862
741,4302.658506492406
742,3224.4976739016274
743,2739.4417480888765
744,1729.469618203066
745,935.4045031631484
746,159.93481932875136
747,600.9917207526668
748,1751.121473160765
749,1723.3577444749458
750,1573.4203239582205
751,1007.0197536696953
752,680.2257121256281
753,436.817176252617
754,268.26089205593456
755,224.09610461943748
756,165.67293524173994
757,103.62138310820627
758,64.96409182152341
759,43.8205477492852
760,30.851776460709512
761,23.208536287117685
762,12.240581755716937
763,15.188722598543016
764,13.308239120806439
765,7.234081341997731
766,10.949863454320392
767,9.622799460598753
768,7.713351546349406
769,9.924896455725012
770,6.131239593117089
771,5.702475717852086
772,7.523731455964273
773,7.580424655105774
774,9.158959498354946
775,7.514777873801312
776,6.585915547894532
777,5.245966315791579
778,5.930833178005941
779,9.672838817942571
780,4.892163532848232
781,7.3835345925079725
782,7.23199065754298
783,5.756602435466668
784,7.426941025154221
785,9.036716070974668
786,8.054765047810692
787,5.843109786093626
788,6.778405491790686
789,7.1120183949122655
790,3.5590301119481746
791,3.3058876882817114
792,0.625580001392475
793,3.864061110495
794,3.6516863425875496
795,1.7966949876365574
796,0.35282134533432014
797,2.8380516007230576
798,1.9274790181965349
799,5.947726320745684
800,3.5938687727095266
801,5.255965000639701
802,7.80580002057419
803,6.923433290839814
804,9.256248818133258
805,9.130546583054809
806,7.4243241550544585
807,95.85323992068635
808,38.111460591112575
809,24.50250184285832
810,18.928567195277928
811,15.610097645092994
812,11.43557390817948
813,12.960842195954482
814,9.21943215767838
815,8.596951295250099
816,7.655005912425059
817,7.539272779156795
818,5.567877248080635
819,4.488309661998584
820,5.83269700171789
821,3.8807505590845155
822,7.856069856915763
823,5.167049248504467
824,3.585325982924837
825,8.3540402475545
826,4.861347353645032
827,4.65783725308288
828,6.855913669309339
829,3.021759915932825
830,5.634388795823052
831,6.567452395199388
832,4.296720676481226
833,7.006290046970427
834,10.195693904436773
835,7.66387106218095
836,64.9965475808291
837,45.180457828117305
838,52.27055088880515
839,8.673827151858823
840,8.081591320801154
841,4.06091821354007
842,2.9405693487733333
843,10.573305235003911
844,22.329745924844786
845,6.629645184272769
846,17.55971736775999
847,0.04254579327186178
848,22.12275360745787
849,21.827852677051307
850,0.08748526940463076
851,4.989922234597228
852,1.1705357820078224
853,1.5607132061206934
854,2.8011469423395154
855,2.521800011022575
856,20.960888258919386
857,17.364097251637194
858,35.77193314724233
859,6.990445088838323
860,8.195319564251365
861,21.87315582225106
862,4.475000779191655
863,33.55209216166522
864,6.904976460220991
865,0.8793951927735851
866,8.445758521250692
867,19.72770339901182
868,54.29383908830833
869,59.23599053296193
870,6.111440234416972
871,4.764013615554558
872,1.309101917036601
873,1.9069434265671228
874,1.6876940011597854
875,0.49083869585434786
876,3.8497549661911887
877,53.594862004272265
878,44.21278727866897
879,0.09430774457229502
880,7.840868407473393
881,2.7678049789432526
882,2.6361276579147517
883,1.8889624288064562
884,1.4094762993702377
885,3.4963395038539677
886,3.431574880376064
887,2.821344487563843
888,7.0473494643562935
889,3.5032782521430947
890,2.8402598874900717
891,3.5936961579211055
892,4.0459630910503295
893,4.4109245284377865
894,4.721884992229236
895,18.49568349053072
896,11.470362541669159
897,1.438987911083684
898,15.171433263110048
899,2.1785089175383683
900,2.4168808047058237
901,4.8623069875850575
902,2.3475686137267995
903,76.80717454593146
904,34.1830587620713
905,28.977641953598045
906,16.890103846864694
907,11.855539716111
908,12.35007099061553
909,7.868289733246511
910,10.79803104616551
911,7.153018448459479
912,4.072460216603882
913,8.857310664880783
914,6.696844269009681
915,5.0792404453641
916,8.040486693142048
917,4.56505354957351
918,4.7359287309518585
919,6.035288049651256
920,3.319482549489824
921,6.1527747991522554
922,4.598571261962834
923,4.603830311671738
924,6.222520941590153
925,4.32590372834241
926,5.325693913834779
927,5.500386517340312
928,3.8169278543120657
929,6.622052222809886
930,5.109870396215155
931,4.191485969947835
932,5.640404488239298
933,6.042378597336007
934,4.741711286882575
935,3.192659421253997
936,5.18369486658542
937,7.246978218045651
938,5.279431592362331
939,5.403245026762505
940,5.867243242029971
941,5.25428111537156
942,4.437110190983848
943,5.261424523474213
944,3.5251164239665154
945,4.475938474751767
946,7.032915360564675
947,5.095034449447975
948,6.698669524942185
949,4.454902951612404
950,5.384159003050547
951,6.269811288531657
952,4.064008890865077
953,6.816912430432901
954,3.898685997378514
955,3.187763347921827
956,7.452989788925876
957,3.965263199313989
958,3.717444541079836
959,4.266135260390428
960,0.04488371064263601
961,0.30348683927396053
962,0.20566145827521096
963,3.096773793531646
964,0.5557111557837685
965,6.863753543135865
966,7.160180351215874
967,4.493709780205612
968,4.865861021750026
969,13.235727653551892
970,14.331657421415672
971,12.009959611194718
972,24.56303274108891
973,50.38854009212215
974,44.9007688474178
975,155.38431060890306
976,319.149038720417
977,642.8833689265844
978,1896.1020877856631
979,4354.3733462217715
980,5367.8081659401005
981,5587.439273298294
982,5156.197028162714
983,4689.916569599603
984,4496.802632061035
985,3272.1383516308597
986,2208.5343628979613
987,594.7947702930265
988,288.65607482844825
989,146.36503076099854
990,61.967218658853255
991,104.42570764518796
992,32.071531877705695
993,130.97806144878416
994,177.93394415935435
995,193.831212573984
996,27.57504560986653
997,47.19821411139813
998,284.76779855799026
999,656.283911603878
1000,180.22828551811148
1001,496.8435098589664
1002,622.7040410362167
1003,536.603296882963
1004,30.614398442750094
1005,70.09928515632514
1006,8.103430083882532
1007,42.2103723964663
1008,24.60704778291947
1009,23.274781975292996
1010,42.67591471455993
1011,153.34258578265135
1012,108.42315353545519
1013,161.9627676297716
1014,38.57671562279775
1015,15.41331758997791
1016,0.007571446646585096
1017,119.84638449361992
1018,122.21134928063061
1019,1.1132813129725248
1020,672.9287794611281
1021,1134.0094035958912
1022,413.29597228113124
1023,8.253830689677635
1024,9.63777463012987
1025,20.072966205688644
1026,9.122845366043324
1027,26.714364013132172
1028,55.82372821680627
1029,0.380641995817273
1030,3.2764981105451843
1031,3.8618842753912554
1032,7.910064273432821
1033,58.73375680135266
1034,95.7666950220244
1035,110.8247514101648
1036,19.705079575168906
1037,0.025020848062765663
1038,0.43430908633577703
1039,13.442016736431828
1040,30.072018929769346
1041,27.380099333124313
1042,82.5585866549916
1043,99.74721666848787
1044,50.264619168696875
1045,23.0098325231481
1046,13.987417158091137
1047,0.3864579647381906
1048,0.6534295487635386
1049,32.64162536323257
1050,436.24160812184294
1051,612.2127076750514
1052,389.04472218975627
1053,552.9910890306801
1054,808.2631046479635
1055,701.5239589991518
1056,720.4834632017065
1057,933.9054191233607
1058,1528.6996324062334
1059,938.6479167505934
1060,1651.4476039561528
1061,1975.3119529602104
1062,1827.9673501219738
1063,875.7545322842727
1064,947.4304152820964
1065,140.38926175793458
1066,14.362568583756339
1067,76.26146743956421
1068,682.2514330701827
1069,719.6050319474749
1070,192.0596606904796
1071,85.603117699837
1072,0.4479958658487442
1073,236.09563772902504
1074,163.37650440251377
1075,5.717616563537616
1076,226.8490854537485
1077,44.7800822998707
1078,451.35179506185887
1079,1795.308669007788
1080,949.6690985972839
1081,1490.589468171966
1082,239.79245339998982
1083,42.42818740634929
1084,162.20268721245162
1085,684.2231088658516
1086,679.8931611831947
1087,2.38504117798328
1088,831.1789685996648
1089,1435.5102875377936
1090,1784.6648585295031
1091,1298.4351675781168
1092,2757.209316675108
1093,2378.04631564898
1094,2782.7053979819625
1095,1285.800558208901
1096,2290.064092860701
1097,2128.415302278283
1098,2248.111698840812
1099,1985.3026824556684
1100,1265.3206311369051
1101,724.370343496347
1102,1378.9252975690654
1103,2099.2395652918317
1104,1891.5221832865775
1105,1932.2257114443485
1106,1759.4807982498676
1107,1869.2768293959225
1108,1532.8906985550414
1109,1840.882779929368
1110,1647.9243311328667
1111,1825.6315614908601
1112,1741.8072104238445
1113,1747.338838528215
1114,1753.3923523099668
1115,1683.9734500383217
1116,1728.8730057595071
1117,1785.688325246352
1118,1517.3403825364517
1119,1254.9571547668086
1120,920.0219320562871
1121,526.7635853136903
1122,340.34047506709913
1123,296.69199905321784
1124,407.6575862040219
1125,286.2582310951316
1126,101.3753591726098
1127,124.97688586228007
1128,297.4860649403306
1129,565.7641804279797
1130,572.0667500746956
1131,771.4289750491271
1132,772.5532533315815
1133,280.9350445256989
1134,201.73688873772917
1135,318.0566453617871
1136,324.9551929930983
1137,47.68782039068197
1138,74.43262113000256
1139,239.75000340474526
1140,22.26989269165327
1141,105.85478588213728
1142,896.1718240543405
1143,994.3840959747253
1144,849.4592295400274
1145,930.6045714510981
1146,410.6930862847649
1147,120.46757080962571
1148,159.21683302117702
1149,1402.7965200643616
1150,1522.4464118832436
1151,1161.6639183455084
1152,827.750660165502
1153,514.3839984012708
1154,452.7441295159173
1155,548.3922449471313
1156,225.0420968847592
1157,168.5133924894656
1158,26.927298701649285
1159,88.91257300399616
1160,99.1811535419642
1161,34.389137317684124
1162,7.894278461313303
1163,0.18434397547685782
1164,13.357889587490837
1165,6.340696078955296
1166,7.049358716941793
1167,100.77599245128232
1168,57.95772987096884
1169,599.8830520515012
1170,849.1827676110371
1171,567.3728526950334
1172,479.3470827438006
1173,288.8805440868938
1174,115.25146185143767
1175,40.04792348248367
1176,269.3453090340044
1177,60.45451462173767
1178,88.16842086211535
1179,36.85078928823
1180,0.8623308586489878
1181,54.81600782260662
1182,695.9900761305425
1183,1898.7043805599576
1184,1039.4771869303004
1185,783.757042163611
1186,84.64847280680006
1187,257.90392880022915
1188,80.76199445154985
1189,125.56909229109965
1190,212.2666105241279
1191,24.79087970879956
1192,61.33002456129335
1193,179.42879920821167
1194,224.01799312818986
1195,298.90179727473867
1196,246.19822010923076
1197,231.27857756810167
1198,372.34573295921746
1199,112.34466151806717
1200,250.01534107422063
1201,3.0545658872191632
1202,9.81540762490883
1203,122.95722007120253
1204,158.71053055398144
1205,129.10895505266723
1206,166.5523118579585
1207,158.31294849605283
1208,143.46774433821975
1209,176.84270624249737
1210,64.3433001063421
1211,108.83936380358531
1212,14.21262919313575
1213,11.201757970246968
1214,51.51335119103146
1215,1.0319548205822815
1216,15.026898732814804
1217,8.560314318915998
1218,99.26611521309142
1219,134.35160663970072
1220,63.974723415178765
1221,201.30067236426441
1222,166.81741678340737
1223,151.58874891276554
1224,186.5594819233279
1225,123.51993968583494
1226,125.48678563855002
1227,162.1722483098402
1228,195.10628486706773
1229,215.92329636222152
1230,227.04633084582625
1231,204.6498128980066
1232,189.54302355572966
1233,212.01260110165515
1234,204.62726078438567
1235,211.40733953823215
1236,188.75489962930686
1237,206.626220042034
1238,196.00662259078555
1239,200.83165612266913
1240,167.752128055993
1241,184.20917108443732
1242,179.28461942890837
1243,177.12086922055502
1244,174.16558464153047
1245,162.86668246104097
1246,173.6121116022015
1247,133.82286233218758
1248,147.1593932435523
1249,138.98044880717623
1250,151.90628443591095
1251,154.98227615720106
1252,155.611671953509
1253,170.11605795392308
1254,159.08843352050908
1255,171.97628674093082
1256,175.21901886033632
1257,167.58632818936022
1258,176.5850532804364
1259,168.13124168380847
1260,185.5947916842983
1261,177.8661345120167
1262,171.2222581965761
1263,206.0636980541746
1264,175.94689629254685
1265,184.90317225619447
1266,201.14771107745943
1267,185.3420611749779
1268,192.79724494480882
1269,200.46470795110108
1270,194.78523926326562
1271,201.88848722866277
1272,195.89699226681472
1273,209.2029723311673
1274,206.71565343714508
1275,197.7451373792877
1276,207.32530114961878
1277,196.83528180854285
1278,180.76915360689372
1279,84.09776100371553
1280,144.9805436963001
1281,202.89354048305927
1282,223.46759695166296
1283,206.49629518925025
1284,212.66036144723813
1285,174.56224284490318
1286,204.58559891638296
1287,0.0059320634992492995
1288,0.23451302089443496
1289,2.8164094778423117
1290,22.702814295575475
1291,36.75306425800497
1292,42.987839453672514
1293,7.247500639493576
1294,4.970208953119512
1295,7.7880948458321155
1296,6.519109039287791
1297,6.95239738739424
1298,0.5619581622009111
1299,41.592864106072405
1300,50.82674927523285
1301,67.72810425585041
1302,46.297107483141836
1303,42.763492913129426
1304,43.66104211679782
1305,57.58074189542544
1306,50.625140955350886
1307,63.88894316411777
1308,58.69084912404273
1309,47.5460141820599
1310,51.05691555546764
1311,47.768670374697216
1312,32.0015271889752
1313,48.65547044612246
1314,36.78773906265588
1315,61.55545363733149
1316,50.07684060774889
1317,42.66108593683339
1318,56.75666902212818
1319,47.05307942056254
1320,42.38396131465542
1321,53.92992997654323
1322,46.994397197557355
1323,48.001855651007915
1324,52.16909130070211
1325,45.48427812165509
1326,44.68179367320288
1327,46.71866539461176
1328,45.74447732396694
1329,49.72654727062196
1330,49.391235029146976
1331,51.89674212489022
1332,41.50243884978927
1333,47.991803014613545
1334,54.07873506627959
1335,44.44537647642749
1336,50.46953311074643
1337,49.16239474499138
1338,47.220396228277494
1339,51.84268834034962
1340,48.98583453780975
1341,45.497143890644224
1342,48.23006794016346
1343,47.135438844853304
1344,43.34659587548601
1345,49.00834426701798
1346,50.134099339198414
1347,47.67843138535673
1348,47.025219298575756
1349,54.418007912677815
1350,46.11549785963336
1351,44.49540220029432
1352,51.90197312940819
1353,49.635757169666036
1354,48.14816363592234
1355,50.751709826464484
1356,46.49796908771081
1357,50.03936529465247
1358,51.918290451896546
1359,47.4563866765112
1360,49.066593542454555
1361,47.14294121571052
1362,54.26936241190446
1363,48.92752195033464
1364,44.85191455335823
1365,47.866559589826366
1366,48.73118822918642
1367,52.37833299015044
1368,47.66281055762367
1369,47.836134954358435
1370,51.379372625345056
1371,46.927853811893804
1372,49.513132164253896
1373,46.47763887581865
1374,48.50970322409824
1375,49.31278088427471
1376,49.566529587435554
1377,47.54229578930428
1378,48.407022470419015
1379,44.76974469224866
1380,48.913768211760804
1381,51.73778430443746
1382,42.63971253677854
1383,195.68366811498223
1384,150.17292134653377
1385,129.02494418700803
1386,125.8658434897812
1387,110.35437255005844
1388,116.39977005487808
1389,110.86248405585192
1390,104.07350370313968
1391,113.4371228254945
1392,115.85115297277984
1393,112.21442924589395
1394,103.2690465604995
1395,106.11146010373415
1396,114.44646095829445
1397,100.0185243468068
1398,106.44245492520452
1399,115.15396196884548
1400,101.84954514836231
1401,110.74254860541446
1402,99.30677341763166
1403,98.80796655450524
1404,95.48617776215562
1405,85.09417730385383
1406,104.39539250472419
1407,99.25537158199651
1408,82.43444582695625
1409,109.67716029127196
1410,98.57264266787755
1411,103.96666910820157
1412,101.51775359063083
1413,96.1801365254952
1414,88.99500133437003
1415,98.47817012949287
1416,93.65943469644832
1417,98.50819687722216
1418,94.61765277973012
1419,99.93638074084316
1420,114.87723749376644
1421,107.16907916739096
1422,75.57827529044687
1423,116.65666369810424
1424,103.745560287083
1425,114.17453642462738
1426,107.09684817955272
1427,82.45746517095439
1428,98.18159154421477
1429,112.3432582183495
1430,104.61898966862675
1431,92.08933174866756
1432,106.23990689151745
1433,100.866203587862
1434,102.61068654823046
1435,112.70866126376302
1436,110.04270736225301
1437,99.64197255683575
1438,98.77191775503049
1439,99.82013006409777
1440,116.1729664830918
1441,107.55092689271102
1442,102.89190891870308
1443,110.04272995563299
1444,103.22115129754444
1445,106.90654892645607
1446,102.36078022307284
1447,108.04544279591272
1448,117.01697620435603
1449,105.26112061198496
1450,80.82794080307463
1451,104.55970309389762
1452,108.43557717300018
1453,106.77619874406916
1454,93.6798500537448
1455,86.9077912606118
1456,97.10019893923767
1457,103.25505411240391
1458,116.45154152254214
1459,108.2586079761481
1460,100.49533289889607
1461,105.26033419846856
1462,102.64865073379735
1463,107.09598577300181
1464,121.81953744408932
1465,103.58844790904587
1466,91.6939135924343
1467,91.39560971966716
1468,96.07279388113525
1469,97.09135274391728
1470,73.99640475011746
1471,82.10600480709923
1472,106.23527148039439
1473,65.25317631062939
1474,74.26942793498122
1475,69.3402505953617
1476,45.73284833836855
1477,72.9233320993353
1478,58.588791325432155
1479,49.21944382196569
1480,57.97527482235788
1481,86.47355884914747
1482,56.50328653860287
1483,48.300415705125786
1484,37.52414832381723
1485,32.56119232374687
1486,24.65316302302682
1487,15.301627577173742
1488,62.366352942580924
1489,42.31464936765316
1490,68.27983185619567
1491,72.1670606108791
1492,41.45280961477988
1493,60.077117746337244
1494,70.4531905493356
1495,72.17269336674508
1496,45.36986160616559
1497,5.603811405332876
1498,10.285255974086011
1499,5.310380099377443
1500,41.43736233655387
1501,26.590829272747857
1502,25.744231763868335
1503,32.14728118244235
1504,5.08623019213194
1505,15.957663115313121
1506,40.33907066912751
1507,25.27698001270383
1508,49.25614788966295
1509,12.52170460844177
1510,1.6196313815938475
1511,15.205035227789415
1512,47.08417962176631
1513,72.9200385425629
1514,71.42206648038383
1515,113.17455201671319
1516,109.17196165128664
1517,94.9220082089231
1518,94.13860476796333
1519,103.02494842511807
1520,107.24717162472693
1521,87.07538187199722
1522,62.44392164353294
1523,82.19151469912086
1524,80.16452789167818
1525,93.0055961455865
1526,110.42920002003063
1527,98.12222819049695
1528,96.1990594069235
1529,97.14068863450066
1530,95.84364568205152
1531,94.46028098080112
1532,92.8335869646753
1533,93.49984866486162
1534,92.59096902264362
1535,94.54789588681275
1536,95.33131494573192
1537,89.07609424668276
1538,90.90172608126235
1539,93.63320413647891
1540,95.07510849830767
1541,93.84465583101924
1542,89.96888360575724
1543,94.0426099238605
1544,92.86616573047029
1545,91.64023155302823
1546,93.2449214205282
1547,96.28020139516613
1548,90.93973330692883
1549,95.64544877264652
1550,86.01850245443323
1551,94.3328578423117
1552,95.30264225520943
1553,97.28255543965246
1554,91.89946421516328
1555,95.91480136310295
1556,93.33166829826087
1557,90.43010505794653
1558,97.74653308374725
1559,89.98783514746434
1560,66.4335286519182
1561,63.66309533092234
1562,25.996975775252352
1563,120.80191075204664
1564,110.60478175706692
1565,94.33664984233258
1566,96.78726842101695
1567,94.61210174406126
1568,100.44548764580087
1569,98.23128334686258
1570,88.93769161804221
1571,92.93637581928093
1572,90.65125018882593
1573,84.78070884181867
1574,100.57301295416839
1575,120.66718723210306
1576,118.94795905985535
1577,116.06202366078297
1578,117.65744944351528
1579,111.24248259410697
1580,109.73386282765934
1581,117.45511766951554
1582,106.86050150793075
1583,120.95874456414231
1584,115.07030456204663
1585,102.32985352110045
1586,107.75013233416163
1587,107.81478856137652
1588,109.40236027815573
1589,113.44167246117863
1590,111.00415243837797
1591,108.94375300379488
1592,110.79057563340182
1593,105.02731287601691
1594,103.59097616703527
1595,108.10403888561312
1596,114.04443800210743
1597,109.70974827017146
1598,112.77139814156516
1599,103.74835696747708
1600,113.87771234756521
1601,109.5064400795549
1602,105.66979845868534
1603,108.08914450375018
1604,112.99067263159324
1605,110.47172870495002
1606,115.47008124649878
1607,105.80442070109996
1608,112.9989899451183
1609,117.74226013498374
1610,104.90045200906354
1611,110.52139221751457
1612,110.91778412292693
1613,108.67518395294924
1614,116.2501715084095
1615,113.96294498372474
1616,112.27160073225285
1617,111.71793926798063
1618,109.06541015648706
1619,108.3844225965616
1620,108.26479022816285
1621,113.60743302045702
1622,111.21379849067723
1623,107.83904621751888
1624,110.77676387833192
1625,114.77613008878478
1626,113.02034461710888
1627,112.1720357635055
1628,108.0257958266869
1629,116.80472940308339
1630,108.1483213789891
1631,113.65204642893183
1632,112.93882542924963
1633,112.07672840689999
1634,115.01861945380811
1635,110.09726781325178
1636,104.00056356672702
1637,110.02369553182785
1638,115.31803226566495
1639,114.71742954857693
1640,116.33776517042303
1641,109.20535845150114
1642,112.53189321921504
1643,113.01687614258364
1644,110.02117097450741
1645,105.80665831878977
1646,111.35905438035094
1647,110.13630677243167
1648,114.53359202536879
1649,107.27135445008834
1650,107.83279942932772
1651,113.96530908123188
1652,112.12578565823709
1653,117.74364869404097
1654,102.99782052226871
1655,109.12896745610391
1656,116.09409945445704
1657,106.78250509858276
1658,111.0134806561113
1659,109.30484176613601
1660,114.57267606141545
1661,108.56600630770187
1662,124.59105310962434
1663,109.58705828486083
1664,115.54991764812186
1665,111.24636595707793
1666,109.78418885535245
1667,116.12764072038938
1668,109.33822895091423
1669,110.42394295046638
1670,119.29528021386439
1671,122.19864282138593
1672,109.72103281289317
1673,129.92320907213997
1674,109.85975020946736
1675,101.43115803296226
1676,122.32012532770494
1677,114.7161089203792
1678,101.88509550439906
1679,93.08745902652579
1680,89.8016713323391
1681,104.21041301411204
1682,83.65795228103559
1683,105.34588101826274
1684,81.71466395122235
1685,93.34190619804369
1686,97.78763669322129
1687,101.0615733376453
1688,85.31430230622617
1689,60.49115572285772
1690,35.192828247309414
1691,4.115578470626565
1692,21.478897982887105
1693,21.275674066063246
1694,2.2230683412901957
1695,2.544617714051769
1696,3.6569548521802244
1697,0.7645546743957413
1698,42.85590441572082
1699,25.26706750328215
1700,23.264108356899417
1701,0.4531478977287649
1702,15.776078003573549
1703,20.190153839576247
1704,2.377521001175294
1705,3.6139710369009554
1706,49.00124584262661
1707,170.30289952007695
1708,98.42777807011069
1709,141.6136126416978
1710,118.58945719322978
1711,75.09706610152185
1712,121.6674373960617
1713,125.83788724553612
1714,121.74994689526643
1715,124.59890964514628
1716,118.54302183649716
1717,108.47509439891584
1718,122.76207424527819
1719,126.05110118248952
1720,128.85421405934002
1721,112.36028258346015
1722,129.44253774518947
1723,121.2857804409771
1724,129.4749836739591
1725,116.23484302611354
1726,118.21856465578242
1727,119.5170351753562
1728,119.04221382236757
1729,115.95855422530647
1730,123.84801050022114
1731,122.19960281497586
1732,118.06298828204058
1733,120.86312597668287
1734,114.64922419477371
1735,124.69163735068601
1736,116.35726898154408
1737,122.59960978445349
1738,123.83228200989635
1739,116.4697980015838
1740,122.86638403262555
1741,116.84016419480521
1742,122.97197617717725
1743,114.75361043655433
1744,119.16082742212785
1745,122.56367593285151
1746,116.60787082417359
1747,116.16254894419507
1748,119.67802767412763
1749,116.34089617660617
1750,125.80277599772378
1751,114.39665041390563
1752,114.69350620973424
1753,117.62470712207072
1754,111.731164186291
1755,111.74896942034684
1756,126.43349593437658
1757,114.70183775124895
1758,124.05480537117907
1759,117.9479658031329
1760,112.06127726409282
1761,129.83726599908945
1762,116.06457634888444
1763,114.71867144251775
1764,124.44824975758246
1765,118.97452604825737
1766,120.12647251267605
