,Season4
0,116.95158486554716
1,7.892455878234001
2,11.579147087468202
3,5.0623906281185755
4,46.24286467925119
5,0.6639189567170176
6,51.86373164986999
7,57.23315348059428
8,84.93492251150624
9,95.67569674187457
10,24.784105825810595
11,8.25797052539406
12,3.0526886525011796
13,0.5716337258108342
14,0.00011228237107682562
15,1.3424832387335
16,4.242496836025829
17,6.996978808591347
18,4.146134223663005
19,2.875308130081878
20,2.26190296115627
21,1.8368173898036906
22,1.5266471130862378
23,1.2966948876865814
24,1.1238859013506735
25,0.9923121880362636
26,0.8910527030427474
27,0.8123250434663555
28,0.7505931945695171
29,0.7018280042254457
30,0.6630306479146403
31,0.6320227021370236
32,0.6071151036152359
33,0.5870229661975709
34,0.5707698167408961
35,0.5575868625852605
36,0.5468859790542344
37,0.5381799400609507
38,0.5310956032694395
39,0.5253334237069134
40,0.5243150048251316
41,0.5188008051933576
42,0.5156397899218065
43,0.5130477335606409
44,0.5109549566867503
45,0.5092733590125432
46,0.5079298978061572
47,0.5068655296350121
48,0.5060373191158152
49,0.5053873990659571
50,0.5048937488457352
51,0.5045212469949125
52,0.5042626488126065
53,0.504096537713528
54,0.5039940935071213
55,0.5039556352960867
56,0.5039669382495828
57,0.5040208949324132
58,0.5041029542079736
59,0.5042064218879807
60,0.22711541753802092
61,0.2633461593982477
62,0.941878497205878
63,5.744961459859605
64,17.675641738719904
65,23.168048405842818
66,35.25217992564819
67,59.801698659992375
68,26.492558939507056
69,0.27761623266184765
70,0.536961752367797
71,0.33959204555652495
72,1.8888341934547448
73,2.0425154598929205
74,4.0629901272275175
75,8.378729118732457
76,10.52275324258804
77,7.186161248035596
78,1.0220992708934333
79,0.36983558795097
80,0.3173064124400346
81,0.279947713279018
82,0.00160897775722906
83,0.0005918688059625753
84,0.09505363046906184
85,0.11393240733042254
86,0.05176374092711024
87,0.5775541924232013
88,0.27867521837577053
89,1.4815076802483964
90,2.666587172377334
91,3.3561138866682647
92,1.638233704347338
93,1.0074013780172273
94,4.58940677657677
95,0.42324427790535746
96,0.667698109141396
97,2.890842432593389
98,0.8078293448504698
99,2.6244216436949577
100,0.2220653195147228
101,3.549796605574222
102,10.658333364824228
103,27.93718502336411
104,71.91612264796755
105,133.65317071498353
106,31.44000079834358
107,10.747252820768049
108,4.12161330785207
109,0.4489406036865564
110,0.01581333655294712
111,0.9189174911972819
112,3.9445750720884534
113,6.038076362607551
114,4.536341204453835
115,3.2259384517696423
116,2.420336291580774
117,1.9591195028593225
118,1.6252215133814671
119,1.3780523071828976
120,1.1925039484297406
121,1.0514367315469215
122,0.942942138828828
123,0.8586821434632319
124,0.7926467539453778
125,0.7405039997788804
126,0.6990549065201176
127,0.6659226215757736
128,0.639316441035773
129,0.6178594921679065
130,0.6005068528705391
131,0.5864450758410694
132,0.5750125287539528
133,0.5657217333240135
134,0.5581498119810349
135,0.5519881125182095
136,0.5469695072878896
137,0.5428946438871697
138,0.5395843279135567
139,0.5368926047548468
140,0.5347262163841028
141,0.532987785196556
142,0.5315952742139046
143,0.5304809996098623
144,0.5296156350550028
145,0.5289326808148144
146,0.5284245058720665
147,0.5280406150247401
148,0.527765284454127
149,0.5275845391292087
150,0.5274762021490971
151,0.5274333251712673
152,0.5274340830040138
153,0.5274857484008615
154,0.5275737821584197
155,0.5276760247774529
156,0.2067073953379462
157,0.2970097233554108
158,1.1223304470775641
159,7.227694458035979
160,18.20413173423035
161,26.29907122292418
162,36.6244546095422
163,60.80770553632931
164,91.27504211770096
165,108.63222580737792
166,6.47283067117908
167,2.8560291720400146
168,5.742957454030612
169,1.5511924362338982
170,4.038730973529226
171,4.502926017995962
172,10.298772431019776
173,35.28335156933197
174,14.915381962605062
175,30.720299291946485
176,17.676642194578147
177,75.52114325158179
178,70.32819001680927
179,3.3561519008831975
180,114.16723677655185
181,0.062291747010249206
182,309.624411795175
183,15.766348144532868
184,0.3355109104865969
185,46.622437521476094
186,13.705112707435633
187,20.248743910533353
188,5.650757653076042
189,2.0829225580916804
190,1.0607068969572868
191,0.6843811068459881
192,1.626517620868679
193,0.09937396972935263
194,1.288832700826315
195,6.380631787833348
196,10.068244545661575
197,429.22885704380053
198,23.13090315245678
199,44.77785979879125
200,102.17891775664833
201,71.33224878011401
202,24.312870494812945
203,10.849070753632782
204,2.2874278094221174
205,0.27483311304211366
206,0.07829077625324209
207,1.7242879095876091
208,6.38595019254309
209,7.140922078486601
210,5.136562291473853
211,3.625970628563393
212,2.765612796461029
213,2.2111758370905656
214,1.8185111860240533
215,1.5294621254844067
216,1.313653748657153
217,1.1503643051282175
218,1.0253230310584274
219,0.9285588732672083
220,0.8529726070900501
221,0.7934440400604504
222,0.7462384429513981
223,0.7085740690407047
224,0.6783782513773999
225,0.6540633256549081
226,0.634407729146847
227,0.6184927456974114
228,0.6055634223107352
229,0.5950527068060384
230,0.5864936399658706
231,0.5795259727616214
232,0.5738422112879055
233,0.5692274885292431
234,0.5654733676696807
235,0.5624216291967011
236,0.5599542601046646
237,0.5579780491106762
238,0.556378373673946
239,0.5551011161244215
240,0.5540932776990906
241,0.5533094352019954
242,0.5526973567961507
243,0.5522489623134038
244,0.551912331689325
245,0.5516799252199662
246,0.5515364496125854
247,0.5514599157095796
248,0.5514354390809787
249,0.5514623065464578
250,0.5515267109993437
251,0.5516283048598459
252,0.2398987054387202
253,0.18081146310797713
254,1.0202055396452372
255,6.4427013845657415
256,16.79702893144635
257,24.159519077681548
258,32.403041123224924
259,56.13303047599655
260,84.96494267394608
261,98.64778701652463
262,26.40872939419619
263,2.6241715826192027
264,0.4222310892129581
265,0.7824244094470134
266,0.8706861006755202
267,1.732387762200547
268,2.4501062096455914
269,6.815839967823298
270,0.6813735763412366
271,0.06217740324336592
272,0.08830474217432513
273,2.149065156711384
274,0.7612957403822908
275,1.6075734752286266
276,0.3806584283029834
277,0.06574453947616424
278,0.07861420199245694
279,2.2457289015950006
280,1.2719694555518866
281,1.7113574711060313
282,0.1279050419509157
283,0.3537889281988751
284,26.19558120307029
285,21.37259192701479
286,0.6287803396461618
287,4.564499669770108
288,0.87927034781344
289,0.47105171794729556
290,2.657887978935825
291,6.892088468897064
292,2.1554096707233974
293,0.0010874913154067982
294,2.5222010153386107
295,12.283413264712152
296,46.60384713901334
297,133.05348527521136
298,33.55157156867641
299,9.6530252626549
300,3.801169930954822
301,0.8361856326887435
302,0.017084424908458556
303,1.1469956568632846
304,3.9940933736448208
305,6.791377677675439
306,4.061587012400203
307,2.8545948311974154
308,2.277977314036049
309,1.875693206965955
310,1.5797087601801287
311,1.358566805211307
312,1.191135818911746
313,1.062861027716117
314,0.9635178711778747
315,0.885885813143532
316,0.8247050300229092
317,0.7761733502844915
318,0.7374389512464501
319,0.7063636182688023
320,0.6813382198577103
321,0.6611078743298177
322,0.644711854769875
323,0.6313874420318831
324,0.6205483642930841
325,0.6117338628783057
326,0.6045370799389777
327,0.5986823569120353
328,0.5978428645730121
329,0.5921637326821371
330,0.5889499913926771
331,0.5863118872426023
332,0.5841840028486109
333,0.5824798792705859
334,0.5811137040389807
335,0.5800309092411021
336,0.5791853435811635
337,0.5785376813913731
338,0.5780426433479966
339,0.5776844424801467
340,0.5774252676029186
341,0.5772646898335142
342,0.5771649924284269
343,0.5771417363695993
344,0.5771634000521944
345,0.5772234649811211
346,0.577321574841614
347,0.5774498433645656
348,0.2770904681974753
349,0.21484016889320812
350,0.8493538321972903
351,5.5161947820834705
352,17.282876543732037
353,22.732830899067586
354,34.726497511116854
355,59.12878391279673
356,89.69265966011008
357,68.5450216592238
358,0.9497921851311133
359,0.6473912875962435
360,2.126554790147331
361,0.6061594372712414
362,0.539938975447674
363,2.17660597848316
364,2.309071990432495
365,1.8622697161671042
366,0.06713110447729528
367,0.22621004132775208
368,4.939115852329552
369,2.5974561559797267
370,8.648553883684692e-05
371,10.311730793029186
372,43.573113245806304
373,2.1628688861232943
374,0.8609392900583813
375,3.0640719204727507
376,1.9951033143582346
377,0.05972200178075551
378,2.092241110514425
379,1.129982997083218
380,0.798268431219784
381,0.49827143545382624
382,0.21559486626957539
383,0.2220337004646231
384,0.3430630700525947
385,1.7891476821744299
386,1.053691505398082
387,1.2457115891170698
388,0.04391009521218503
389,4.248591998716557
390,29.680307111882254
391,89.80289813516356
392,127.47793835916372
393,72.94639470115791
394,28.832999289932232
395,9.032862723249947
396,3.2225896240153507
397,0.219248425058332
398,0.0023110230152420296
399,1.2284746620791094
400,4.481988083723911
401,6.622759587104399
402,4.990820802522199
403,3.571698958503697
404,2.6932630279366054
405,2.1854993774423974
406,1.8175616163287898
407,1.5449699457461983
408,1.3401580903750372
409,1.1842786082441037
410,1.064275813499624
411,0.9709787822682201
412,0.8978031937608837
413,0.8399614425334407
414,0.793934094350731
415,0.7571299657027322
416,0.7275241589364578
417,0.7036512240347521
418,0.6843246633150817
419,0.6686392419288896
420,0.6558877575583305
421,0.6455070664763564
422,0.6370518038140702
423,0.6301605625520877
424,0.6245550159044618
425,0.6199822037102736
426,0.6162659028572136
427,0.6132581144900847
428,0.6108201648720093
429,0.6088632331216507
430,0.6072832046723677
431,0.6060325908156168
432,0.6050476937298499
433,0.6042733783126154
434,0.6036859003905933
435,0.6032546183543035
436,0.6029319710934755
437,0.6027096887843078
438,0.6025888649639504
439,0.6025220913088762
440,0.6025097289641879
441,0.6025517762553388
442,0.602640095149948
443,0.6027521132501761
444,0.2546212832883676
445,0.24526264295787797
446,1.0209865843931432
447,6.970754514820001
448,17.80667283231715
449,25.8357331948067
450,36.090022305298326
451,60.12973182899191
452,90.45194192602276
453,46.86585009122023
454,0.5525245786945739
455,1.7765112027216055
456,0.7471496016495285
457,0.5746200889818707
458,3.306102705962182
459,2.320463691391177
460,3.92565721552367
461,2.082058068927613
462,1.556277149441435
463,0.929649031752623
464,1.7272924648943857
465,4.670057406237119
466,29.025287778727034
467,5.623356637772667
468,0.02821614038417349
469,1.5972202753525682
470,1.7686019338373653
471,0.4589283094716243
472,0.9834778540486229
473,7.779401916883589
474,9.574982818976967
475,9.273082775890192
476,3.6096091402464436
477,3.688743905637202
478,5.271954787505523
479,5.905285489896019
480,0.5159165493509724
481,0.12840225910954262
482,0.0014036397299493188
483,0.39174414602112784
484,2.7141661724792816
485,0.085539714132775
486,2.942643649194382
487,11.56222899455538
488,54.18520813710999
489,161.33311524444125
490,37.88439624010432
491,17.267268976049554
492,4.965495417922323
493,1.2289194549663058
494,0.03510604073060395
495,0.8929874390108354
496,5.014942375007028
497,6.001879990272011
498,4.40550172127049
499,3.1730923854469633
500,2.4812209433654564
501,2.035123276078649
502,1.715169179287773
503,1.4759532165715934
504,1.2948435532985685
505,1.15606488676708
506,1.0485774115218194
507,0.9645679659510699
508,0.8983535369633666
509,0.8458064491636997
510,0.8038398628595613
511,0.77017525817587
512,0.7430477872929048
513,0.721113475113637
514,0.7033275960542726
515,0.6888820985388749
516,0.6771110207667507
517,0.6675318297945052
518,0.6597179023956133
519,0.6533556536437597
520,0.6481757998259742
521,0.6439552335393581
522,0.6405244452786873
523,0.6377500138398666
524,0.6355075931748936
525,0.6336991212044731
526,0.6322670207363017
527,0.6311225889772613
528,0.6302248458463936
529,0.6295342971882886
530,0.6290025736785237
531,0.6286139738293892
532,0.6283445521703065
533,0.6281704224545684
534,0.6280673594574445
535,0.6280277879720618
536,0.6280433900126329
537,0.6281066078278277
538,0.6282011972082685
539,0.628327921189206
540,0.29134180490377226
541,0.14094144591126337
542,0.9234697964766889
543,6.1997382693677805
544,16.413975432938756
545,23.714035356086953
546,31.898585489361103
547,55.47930252105912
548,84.16973387345476
549,97.7875928207247
550,135.21293447097557
551,129.78140844529463
552,123.48596129220684
553,114.1520254264878
554,105.26768891486094
555,86.01990163495786
556,35.16254408926743
557,20.849473366669567
558,23.733881397761234
559,15.430797019961371
560,53.00677030881815
561,16.081840151627127
562,23.972949755936167
563,26.327142089127076
564,0.16632364926800808
565,78.20827796777465
566,41.63405264222154
567,90.84717279370838
568,123.0782310453183
569,61.83440319879155
570,21.895480612304702
571,14.585946019210635
572,1.0036176257372633
573,2.2868617138096075
574,19.035571574252547
575,43.06375347419444
576,32.803202597261645
577,6.322019560840584
578,5.8622372429986225
579,2.910348249544983
580,0.1105557388309719
581,138.57901044825755
582,21.807905704224012
583,15.598300571211162
584,115.60853400571256
585,91.53755508177304
586,22.055501589589557
587,6.88257044843538
588,2.318622425099667
589,0.30778405717465196
590,0.029354528371153744
591,1.7551634546753776
592,4.902882882874221
593,7.7889141670197315
594,4.730832385628273
595,3.3401211683369523
596,2.6572216009983203
597,2.1809355135122312
598,1.8315632916041025
599,1.5712187124047452
600,1.3745291196489633
601,1.2240946762063534
602,1.107758817524554
603,1.0169661889082287
604,0.9454851473240606
605,0.8887977164556887
606,0.8435917325927782
607,0.8073295357153596
608,0.7781251063421561
609,0.7545244684578944
610,0.7353902695242158
611,0.7198416601038875
612,0.7071901229572913
613,0.6968872604802272
614,0.6884847391863264
615,0.681635037991482
616,0.6802382848749984
617,0.6737606597934945
618,0.6699970365191081
619,0.6669050011394287
620,0.6643991140337171
621,0.6623860633666149
622,0.6607748592034166
623,0.6594900797221227
624,0.6584746701404495
625,0.6576951399140022
626,0.6570942575199287
627,0.6566474276159106
628,0.6563143173201442
629,0.6561029511717428
630,0.6559723324893876
631,0.6559066036422999
632,0.6559138647028466
633,0.6559535657819618
634,0.6560419310068074
635,0.6561539442005618
636,0.3323766447599149
637,0.17102460440822093
638,0.7611283816552442
639,5.290880214524707
640,16.892646367207444
641,22.299690356934278
642,34.20265345139462
643,58.45724323624332
644,88.87502668963744
645,70.60004530957292
646,0.45836418045430105
647,3.124617846847188
648,11.473845450457228
649,3.730602982484123
650,6.090853523550877
651,7.307321651663666
652,12.272076093568407
653,8.446329432619379
654,4.293936967174326
655,3.169173162458973
656,2.3340039708766054
657,2.1229217818355637
658,2.730197741614236
659,2.576529992040197
660,1.8300144341671447
661,1.1213703689718577
662,1.7705770200504862
663,2.7119143838857935
664,2.4760955281131607
665,3.807616226171351
666,0.9740453623503544
667,5.6505582716069735
668,1.8963390650391907
669,14.094949257468189
670,97.05757552277083
671,159.59833909804976
672,41.374221869678664
673,0.7686366984093881
674,6.342114573740453
675,26.907344964615977
676,9.967281810016503
677,3.3166119227447752
678,0.46246938976272395
679,9.104745913938892
680,108.97574656576549
681,125.66922015517845
682,30.348190197470466
683,10.090515156117993
684,3.727332734826608
685,0.3264888876997928
686,0.0007335885404928707
687,1.1183401826374564
688,4.351491585590737
689,6.547665453137521
690,4.986414837890159
691,3.60919105805648
692,2.75376914906956
693,2.259591868396281
694,1.8992369428430314
695,1.6305601493626567
696,1.427535855641526
697,1.2721945458289656
698,1.1520369694082548
699,1.0582066107436512
700,0.9843337151838542
701,0.925736361043804
702,0.878970964131203
703,0.8414728475554704
704,0.8112571330273382
705,0.7868287082062477
706,0.7670258026688014
707,0.75092824601084
708,0.7378260815090829
709,0.7271485821985442
710,0.7184468614154782
711,0.711348654386148
712,0.705562807288383
713,0.700846876572463
714,0.6970147427195401
715,0.6939094984450954
716,0.6913933761107061
717,0.6893631637170826
718,0.6877427864016498
719,0.6864553461177624
720,0.6854426675598438
721,0.6846457498815953
722,0.6840480481339255
723,0.683599231287122
724,0.6832747151194537
725,0.683057029946283
726,0.6829225223312989
727,0.6828703796331211
728,0.682876161678254
729,0.6829233188218113
730,0.683011461269711
731,0.6831331087537618
732,0.30774685081559155
733,0.19826942662928213
734,0.9240540560598397
735,6.71745711011834
736,17.411979515296128
737,25.374958307417447
738,35.55768061503919
739,59.45380011122923
740,89.63108005043605
741,94.78311201268731
742,1.4449202221692936
743,3.2398909234546474
744,9.583699981395531
745,7.281035080811039
746,12.408880697098258
747,13.268219948813408
748,11.199089240592484
749,8.069489669050629
750,7.295369711811084
751,4.475858719854348
752,1.4330043413451605e-06
753,0.06467710158345796
754,5.185509355449326
755,6.2808657198429865
756,147.3225025030706
757,1.274010608459025
758,83.95438160324719
759,12.798044869899375
760,250.91454678189228
761,9.280384271920557
762,5.302918759211767
763,26.707805716014068
764,72.82746427503965
765,5.087919208248365
766,22.552968195006628
767,5.145940418545648
768,24.294711336840543
769,10.639443428116113
770,8.508203314420212
771,10.786430491983607
772,5.0282033389715455
773,1.0788702737984581
774,0.6924486516392198
775,7.735819256204128
776,38.57972347758493
777,148.30937662381578
778,52.46869999237578
779,18.723631255931583
780,5.708828120556741
781,1.527440794975145
782,0.08055163057650877
783,0.7665422798715593
784,4.807444328630024
785,5.866408917202412
786,4.356313165504124
787,3.177100432184968
788,2.5165482204624396
789,2.089730457582119
790,1.7817459992823197
791,1.5498927591725453
792,1.373239671276396
793,1.237096288849965
794,1.1311096366009272
795,1.0478944704377382
796,0.9820410355674183
797,0.9295830025864086
798,0.8875799286331126
799,0.8537873859569645
800,0.8264878028154603
801,0.8043705257793572
802,0.7864074735455213
803,0.7717984451813789
804,0.7598876394233107
805,0.7501738706767869
806,0.7422529469347714
807,0.7357894165878341
808,0.7305249989619262
809,0.7262422355822155
810,0.7227542404081545
811,0.7199368062371668
812,0.7176499117234952
813,0.715832145734692
814,0.7143717059054359
815,0.7132164409460104
816,0.7123067747851152
817,0.7116088521174936
818,0.7110881836100438
819,0.7107027675164682
820,0.710427173362304
821,0.7102524963256485
822,0.7101622238255799
823,0.7101314262604259
824,0.7101669326949241
825,0.7102450364809526
826,0.7103484633252265
827,0.7104936977838238
828,0.3480986134017876
829,0.10586373004040478
830,0.8311104131083202
831,5.960290263615644
832,16.033725939290374
833,23.270849226059212
834,31.396164374774262
835,54.82731012649944
836,83.3763325370544
837,87.33457631681122
838,1.237190426133401
839,3.7913697781597127
840,9.17162372619123
841,8.871343265607505
842,10.184149252636763
843,12.816332167272735
844,7.881791170372483
845,4.6060413719478115
846,2.3818480688573547
847,1.2374852714650686
848,3.5934346806765967
849,4.046795371018022
850,2.7348015872007965
851,7.738637481322423
852,6.598543596066041
853,5.057699253531582
854,4.316645927633296
855,1.768102310697669
856,5.607226019846691
857,1.6328458927034741
858,4.217418190968766
859,2.763368593959156
860,1.5618359488896003
861,3.7139836521619793
862,3.7650995183250004
863,2.9533739891310886
864,6.549880145357959
865,5.200032767582462
866,7.137105493918474
867,8.161629810707666
868,5.000032770301109
869,0.3933120114785841
870,1.6456970008379128
871,12.189028916954348
872,42.67056289954063
873,143.49417924935304
874,45.0413539331547
875,12.100007136503127
876,5.141106948395763
877,1.3535250738564586
878,0.10115659850409582
879,0.8778250819091631
880,3.6431652577995304
881,6.520595571693455
882,3.9764873556756797
883,2.86794206261605
884,2.3495704636104544
885,1.9836489539601947
886,1.7103470780999657
887,1.5032947047742462
888,1.344556545511141
889,1.2215108169119253
890,1.125248176805016
891,1.0493376623178714
892,0.9890267378890434
893,0.9408542405936617
894,0.902159004199067
895,0.8709479028232294
896,0.8457043065485635
897,0.8252153690474033
898,0.8085530881646057
899,0.7949746294378607
900,0.7839094392595601
901,0.7748841339602682
902,0.7675139775852091
903,0.7614966916106898
904,0.761043343294313
905,0.7550189349598609
906,0.7517128145088232
907,0.7489940586377399
908,0.7468075888686583
909,0.7450560102454025
910,0.7436596703205927
911,0.7425493642738431
912,0.7416981711254723
913,0.7410370949049139
914,0.7405478347780905
915,0.7401879570990637
916,0.739940140216361
917,0.7397866921116886
918,0.7397193811535087
919,0.7397123583616414
920,0.7397570102593922
921,0.7398533415255234
922,0.7399669065928905
923,0.7401228186802087
924,0.3928822908628742
925,0.1320798431605148
926,0.6774640980594114
927,5.06945706135545
928,16.50548627696897
929,21.869341677378316
930,33.68118541236668
931,57.787719614684065
932,88.05943422012791
933,71.55206254434646
934,1.1789723267989705
935,1.494449947961749
936,18.529217451614468
937,8.380062366826488
938,11.319606351993292
939,18.366705356520217
940,20.973896806309565
941,15.198437976442683
942,8.039531782040372
943,9.660297410620357
944,10.329617464343846
945,11.249698010860664
946,5.904418224354678
947,9.747383770948844
948,6.627787238994389
949,3.1294518925152115
950,2.208206610213222
951,1.299313198113744
952,1.513675263080082
953,0.8900050190913351
954,1.3527865649348865
955,0.7553605530485829
956,1.170864199404805
957,1.2031977681736834
958,0.0807906652045423
959,0.8834030689375484
960,2.3058640319525474
961,5.108289438327938
962,3.916197126887657
963,2.902472936093155
964,0.6854488059690358
965,0.0764348119010366
966,0.5079683587434929
967,10.840497981780858
968,35.85870650369592
969,144.75793246009528
970,53.88953710128861
971,13.52620673713889
972,5.675370125484771
973,0.8807850370749267
974,0.10280877737202587
975,0.6869774533496721
976,3.6487225998634
977,5.887893142212884
978,4.566473842859628
979,3.361423043707843
980,2.6133029734047226
981,2.1867069061695874
982,1.8719847889392223
983,1.6347010782981362
984,1.4534911138567308
985,1.313582007334628
986,1.2044772181743588
987,1.1186449851576974
988,1.050636046215324
989,0.9963975119832866
990,0.95291834256227
991,0.9178882669230174
992,0.8895793494089884
993,0.8666235039774204
994,0.8479605381900203
995,0.8327646059090519
996,0.8203850856985955
997,0.8102764173606346
998,0.8020293643875862
999,0.7952959967972079
1000,0.7898084608099293
1001,0.78534109537833
1002,0.781709131709245
1003,0.778764605034338
1004,0.7763896605097831
1005,0.7744849119308762
1006,0.772960598812937
1007,0.7717540237239556
1008,0.7708029038065327
1009,0.7700720369716952
1010,0.7695259734415882
1011,0.7691201887800944
1012,0.7688370115483096
1013,0.7686591900366104
1014,0.768559976997722
1015,0.7685397752403333
1016,0.7685634665253617
1017,0.7686486111160333
1018,0.7687596815222519
1019,0.7689063002215573
1020,0.366162335289916
1021,0.1561083145043546
1022,0.8315763721651004
1023,6.467799987712739
1024,17.020311332491765
1025,24.91670286727178
1026,35.02773533942688
1027,58.779770398368406
1028,88.81218600406676
1029,107.99511428159875
1030,77.29475701297834
1031,0.6333764362329081
1032,25.532345129387526
1033,7.373419750634033
1034,11.607617201330584
1035,13.748423845841412
1036,74.90127039642286
1037,4.953447752068491
1038,1.731961460526657
1039,2.076401453374142
1040,15.842406424806482
1041,0.00694263739608538
1042,23.22936414975582
1043,77.50466105085638
1044,54.84125794057389
1045,1.0670244915116047
1046,0.3529860474052903
1047,0.25032539899723444
1048,0.030004834729005524
1049,1.3506426219213923
1050,4.930749497919153
1051,20.32640027240654
1052,20.390163248404214
1053,50.78585873224883
1054,95.99226176101956
1055,64.5595759128363
1056,176.14413774111895
1057,103.34526003261999
1058,50.7420535212439
1059,23.63072682326954
1060,1.9666674483873932
1061,0.021577678853487228
1062,6.559313108942563
1063,5.4879446058162715
1064,92.49377952456594
1065,64.35938838063218
1066,18.908411672622176
1067,7.81365158466458
1068,1.1653998378966488
1069,0.02089283934466382
1070,0.3779155218217466
1071,2.5980730610353326
1072,7.829350659102009
1073,8.543770407809513
1074,6.248952009142545
1075,4.5044757684081445
1076,3.491818454653596
1077,2.831147406228966
1078,2.3596591923914434
1079,2.0103209194236484
1080,1.7478794985778587
1081,1.5480586015285378
1082,1.3941479090361482
1083,1.274390733145768
1084,1.1803636745797108
1085,1.1059541861436173
1086,1.046710571983554
1087,0.9992608433572084
1088,0.9610623070837402
1089,0.9302152545193647
1090,0.9052118348100452
1091,0.8849000638595649
1092,0.8683574690185277
1093,0.854881393203874
1094,0.8438799012689646
1095,0.8349043736659443
1096,0.8275684832200608
1097,0.8215882968084608
1098,0.8167140825252089
1099,0.8127560140062643
1100,0.8095363187482063
1101,0.8069337112865297
1102,0.8048382893904562
1103,0.8031661240878297
1104,0.8018359687971807
1105,0.8007846768969462
1106,0.7999754495161279
1107,0.7993542027509553
1108,0.7988857692633494
1109,0.7985776849580948
1110,0.7983506087013899
1111,0.7982304932216783
1112,0.7981725846586303
1113,0.7981862466702287
1114,0.7982446411072642
1115,0.7983477728783978
1116,0.41034291004335727
1117,0.07561643744967834
1118,0.7431024393135309
1119,5.724249636280438
1120,15.655970027706577
1121,22.829761451069512
1122,30.895756885740735
1123,54.176923099145284
1124,82.58436457770853
1125,82.84195138547761
1126,2.7985667804554466
1127,3.387456015599655
1128,12.76140995668278
1129,15.519995332823937
1130,18.67221806735589
1131,28.502044653098086
1132,24.05054403107907
1133,11.881062074673475
1134,9.148214008443224
1135,7.332821573428221
1136,4.447616451674409
1137,302.88532016745677
1138,36.09018995129439
1139,370.3239837971693
1140,20.283742186733544
1141,13.441240722997518
1142,0.766193609177085
1143,13.023758257384426
1144,33.88216331707052
1145,10.280807910748065
1146,13.662434946074825
1147,12.038074753959576
1148,10.600686483126132
1149,9.27411158130102
1150,9.906832429261042
1151,8.718109079189633
1152,9.480355391579849
1153,4.042830990577657
1154,2.3487402062166707
1155,0.7505143243639683
1156,0.1782263018777346
1157,0.00705255705828316
1158,2.3209727441788357
1159,7.9830681422743215
1160,33.49541346331353
1161,128.58932814584142
1162,47.800402692355824
1163,11.260895155686141
1164,4.679840613121896
1165,1.1411478314639134
1166,0.05330853789351037
1167,1.0350568439466736
1168,3.9368788011173814
1169,6.891623667269623
1170,4.255033891655054
1171,3.094170922127456
1172,2.5462172500097506
1173,2.1583356970340337
1174,1.8680604763157846
1175,1.6477516024306376
1176,1.4784977405104849
1177,1.3471098131250347
1178,1.2441482750953952
1179,1.162827511840883
1180,1.09814162375141
1181,1.0463999260090908
1182,1.0047903619840708
1183,0.9712080205533236
1184,0.9440090181665631
1185,0.9219151774300375
1186,0.9039309996877783
1187,0.8892710665247779
1188,0.8773061339183025
1189,0.8675452430471335
1190,0.8595719607876612
1191,0.853057865078271
1192,0.8524515448373257
1193,0.8459664413588224
1194,0.8423868643056133
1195,0.8394377549453024
1196,0.8370612993002842
1197,0.8351452659353025
1198,0.8336332252336586
1199,0.8324327202298977
1200,0.8314882933478489
1201,0.8307634360862945
1202,0.8302205049141879
1203,0.8298236941843172
1204,0.8295637787893011
1205,0.8293855426934198
1206,0.8292985127391361
1207,0.8292844367268765
1208,0.8293250745071804
1209,0.8294113105065724
1210,0.8295431518366415
1211,0.8297015890356062
1212,0.458837220922784
1213,0.09798435353650305
1214,0.5982603786382894
1215,4.85166597247246
1216,16.12097039634202
1217,21.44138471163754
1218,33.161655801655456
1219,57.11986635425287
1220,87.2455562066407
1221,105.03331792841549
1222,3.0409279248749628
1223,1.5929102030136078
1224,6.030968551567421
1225,3.8104143470051057
1226,6.378612237786519
1227,13.297800653162605
1228,17.269424279748172
1229,10.519802649110071
1230,5.098228979834882
1231,4.095748724122112
1232,5.6958087222588425
1233,2.9554693073183853
1234,0.3926821853701762
1235,0.8669503895227103
1236,2.093125953962115
1237,2.0280985918374834
1238,2.7759168845043516
1239,3.1973487308378328
1240,3.4228818073116254
1241,5.796511274048354
1242,5.755935507932063
1243,3.279325504604008
1244,5.758585808146768
1245,6.3339948389657525
1246,1.9722528877654042
1247,5.505582808418578
1248,10.131419843109741
1249,12.673628531223965
1250,8.851053830730258
1251,6.378581800771477
1252,26.802545831705547
1253,37.834272001138054
1254,2.213589236971226
1255,27.585504582252163
1256,113.93851326721898
1257,106.56204484870734
1258,32.20722692401579
1259,10.251443144554626
1260,3.76856931224472
1261,0.3177303447817589
1262,7.769015496841952e-06
1263,1.2022774448769042
1264,4.569295117511026
1265,6.872200729251222
1266,5.313208458631304
1267,3.9155784300284218
1268,3.039988267044795
1269,2.5317390344580257
1270,2.1580054116928453
1271,1.8771692133398217
1272,1.6633816166520534
1273,1.4986999597940094
1274,1.3705260875482095
1275,1.2698880399876618
1276,1.1902348375128202
1277,1.1267741304983474
1278,1.0759501584695434
1279,1.0350325224645593
1280,1.001954476716966
1281,0.9751634828496496
1282,0.9533694661720228
1283,0.9356286306480742
1284,0.9211528589302879
1285,0.9093445262906744
1286,0.8996984840431145
1287,0.8918223217953599
1288,0.8853917744509563
1289,0.8801570633307819
1290,0.8758837001267467
1291,0.8724235773024497
1292,0.8696139104296358
1293,0.867348699534491
1294,0.8655428709757396
1295,0.8641010245681435
1296,0.862958023832292
1297,0.862075644770212
1298,0.8613981675996175
1299,0.8608970353310359
1300,0.8605260906943196
1301,0.8602936067708906
1302,0.86013589043628
1303,0.860079896412654
1304,0.8600796231626818
1305,0.860125783743261
1306,0.860236514513963
1307,0.8603755591954608
1308,0.430075128894466
1309,0.11876741591344904
1310,0.743463275461896
1311,6.221536430928411
1312,16.630906414765455
1313,24.460395732536384
1314,34.499403119918114
1315,58.107177407820934
1316,87.99453350913852
1317,105.71387147404714
1318,5.995951510124576
1319,0.2022234574834913
1320,4.395953273089898
1321,1.5223792818672606
1322,4.7315660386731615
1323,7.544064831936786
1324,3.278091170670285
1325,2.015035163659806
1326,1.0764535777900486
1327,0.5903657848347188
1328,0.004234182485472179
1329,0.9453836394703735
1330,1.8971465267206076
1331,1.0247187571809844
1332,0.008696632573641665
1333,0.33543412563406094
1334,0.11957132938752145
1335,0.019363397652897917
1336,0.3589477765557961
1337,0.14104517584029408
1338,0.4575543624628947
1339,0.9409341848698742
1340,0.00041371926452421015
1341,1.8355933438210528
1342,2.4852471438657746
1343,1.8013478637329567
1344,1.7726772128619475
1345,1.0765782028090527
1346,0.9435195170362028
1347,0.7316472732061553
1348,1.9470530420960952
1349,4.596397576378397
1350,9.042811408067639
1351,19.05435534140507
1352,42.278234235720895
1353,107.21866154429362
1354,33.1000477822626
1355,12.534188589042712
1356,2.8782825918442208
1357,0.41194329970933524
1358,0.04909484581185583
1359,1.7042878897440055
1360,6.562190830827894
1361,7.5237670225627875
1362,5.602071355711393
1363,4.11065492769179
1364,3.2525733904629486
1365,2.691654442478484
1366,2.2870760550781823
1367,1.983623890689019
1368,1.7530852159486445
1369,1.5758162655486954
1370,1.4380625325861984
1371,1.3300150956248267
1372,1.2446092965615194
1373,1.1766282633136895
1374,1.1222137010003213
1375,1.0784368725584905
1376,1.0430667333155121
1377,1.0144027860088651
1378,0.9911207011000303
1379,0.9721484611300981
1380,0.9566834714705094
1381,0.9440517995550793
1382,0.9337475479721683
1383,0.9253171782156882
1384,0.9184493492088649
1385,0.9128294701841791
1386,0.9082558470297644
1387,0.9045406634717916
1388,0.9015261221692212
1389,0.8991047535527015
1390,0.8971508780382292
1391,0.8955863548013372
1392,0.894364081753817
1393,0.8934076397795597
1394,0.8926589360897543
1395,0.8921096031515451
1396,0.8917018207157799
1397,0.8914260374243217
1398,0.8912547318358323
1399,0.8911680674665258
1400,0.8911565809387817
1401,0.8912018125958576
1402,0.8912844092651452
1403,0.8914241851410935
1404,0.4778005745660844
1405,0.050403533151720054
1406,0.6598244289738161
1407,5.492372418186961
1408,15.281784528413128
1409,22.391813729676088
1410,30.398276200547446
1411,53.529113650952915
1412,81.79519606166348
1413,86.332028602548
1414,1.8857794993074095
1415,0.08299389932006093
1416,5.450969317675404
1417,6.261187821935737
1418,9.45170026571646
1419,9.425752467261406
1420,6.882246227193565
1421,1.684655487942936
1422,0.4751310495125478
1423,0.05569794812544445
1424,0.02734763321807822
1425,0.05885732253933765
1426,0.22064273082102515
1427,0.0013210915619276255
1428,0.9781984595376992
1429,0.03948547092242059
1430,0.6890471395996772
1431,0.2488177186805464
1432,6.903712254592617
1433,5.7402995960697
1434,0.8196463643157529
1435,17.179934977155316
1436,5.015416668366975
1437,0.05282494913207161
1438,0.7398585617781596
1439,0.8933636706627759
1440,1.9555487285595365
1441,2.1722618779331855
1442,3.482231421489052
1443,5.55195475054987
1444,1.6101715025878156
1445,0.009672382265576119
1446,2.8502436100692616
1447,7.5271943941898485
1448,17.960290667790563
1449,73.59998678364039
1450,67.50154452820902
1451,10.296023794007922
1452,4.265288339900213
1453,0.9554959066252262
1454,0.021721370074767442
1455,1.1987333425794033
1456,4.232159560782767
1457,7.262647046026737
1458,4.536680871761591
1459,3.324792516387615
1460,2.7478641882585535
1461,2.338390143088632
1462,2.0313602505712285
1463,1.797869635174823
1464,1.6181870524735291
1465,1.4784652017096553
1466,1.3688090986243797
1467,1.2820646689031878
1468,1.212986696833761
1469,1.1576734254581469
1470,1.113138999426814
1471,1.0771465109934952
1472,1.0479827302286768
1473,1.0242743418594897
1474,1.0049549208618658
1475,0.9891984569271428
1476,0.9763222331169527
1477,0.9658097641400318
1478,0.9572226581126736
1479,0.950213670893196
1480,0.9494396582301552
1481,0.9425006343095362
1482,0.9386276114825661
1483,0.9354496103126894
1484,0.9328756243727582
1485,0.9308166865441705
1486,0.9291548088198375
1487,0.9278512683012647
1488,0.9268281894362453
1489,0.9260461053843925
1490,0.9254464625258904
1491,0.9250107303825296
1492,0.9247099053290432
1493,0.9245242064405109
1494,0.9244160047388513
1495,0.9243939972843573
1496,0.9244292974282994
1497,0.9245131971872739
1498,0.9246548735889466
1499,0.9248154576242088
1500,0.5302315289022766
1501,0.06885822009998202
1502,0.5236703962530648
1503,4.6378058390356856
1504,15.73949841599031
1505,21.01607541988032
1506,32.64459516326525
1507,56.454135141146416
1508,86.43374186410527
1509,106.19121329621073
1510,127.99734613944807
1511,125.52986098120314
1512,14.006862037760548
1513,56.22396454467091
1514,7.816354112632879
1515,4.275615426986799
1516,667.0882211475441
1517,114.94582615009212
1518,14.23196588090193
1519,7.842004148560973
1520,14.357769561143161
1521,0.31084638877076115
1522,9.83234082445304
1523,2.507905767625414
1524,20.255165959984037
1525,47.74427852688765
1526,18.484985914586467
1527,4.883491488079287
1528,251.75697174767572
1529,137.51817665154212
1530,153.08785576383178
1531,181.39095944135275
1532,0.3055657506637932
1533,14.368655517313707
1534,8.379954113897462
1535,58.53970456087287
1536,151.69039996812876
1537,139.6621626024615
1538,250.4818985833342
1539,191.40975588062616
1540,25.031200033402367
1541,66.72287362640904
1542,10.065131824063378
1543,0.6028633500824306
1544,36.2244834384673
1545,90.40030654209278
1546,17.080922700369474
1547,4.0048643548704606
1548,0.8640091985312558
1549,0.07404402388784384
1550,0.47033268665302735
1551,2.7537748049719237
1552,6.767491064870396
1553,9.036915197576517
1554,6.889473502040141
1555,5.038875679701471
1556,3.8678974716992176
1557,3.1705421350707494
1558,2.663249981521124
1559,2.2860681986319085
1560,2.001531006915071
1561,1.784107013935477
1562,1.6160472814163929
1563,1.4848662264630204
1564,1.3815668482196697
1565,1.2996176738695144
1566,1.2341803341616204
1567,1.1816715797762662
1568,1.1393399100820276
1569,1.1050661844515588
1570,1.0772461334830405
1571,1.0546015775887425
1572,1.0361549651880562
1573,1.0211026729787975
1574,1.0087914680130483
1575,0.9987324597261724
1576,0.9905154957916885
1577,0.9837999907952387
1578,0.9783242548306479
1579,0.9738700808641311
1580,0.9702434693128993
1581,0.9673124305753775
1582,0.964945488518807
1583,0.9630526091600887
1584,0.9615444970866415
1585,0.9603510917694451
1586,0.9594227667265867
1587,0.9587297238271352
1588,0.9581942241650592
1589,0.9578142206058801
1590,0.9575719379723421
1591,0.9574076018984171
1592,0.9573412541125238
1593,0.9573532888676618
1594,0.95740451526905
1595,0.9575243320545975
1596,0.49949562481734217
1597,0.08637212072071754
1598,0.6599001516127948
1599,5.978898324500038
1600,16.244469972395283
1601,24.00663307267689
1602,33.97333043233788
1603,57.43647522605701
1604,69.50496121112965
1605,1.1327047152398846
1606,0.012583507013060694
1607,0.6100189880136389
1608,0.2322952841335562
1609,0.14236922435155708
1610,0.16728325410378692
1611,1.7717788303709505
1612,2.4803636302468868
1613,0.06718770336411109
1614,0.6603025105080722
1615,1.1420372617491292
1616,5.154660255696236
1617,0.013773712725826372
1618,13.22745230762301
1619,184.15060399025936
1620,0.12567781802684477
1621,2.023099075574054
1622,56.105446135355706
1623,45.9584728859233
1624,33.18140753313425
1625,0.0040445512825555965
1626,1.0157173068237701
1627,4.053836415843135
1628,319.54617156770735
1629,26.656969339938602
1630,4.6318552781601845
1631,2.1589734040309603
1632,362.492519360884
1633,26.49474560353051
1634,61.873502887074075
1635,191.53784021621175
1636,10.63954322579378
1637,28.108698622132934
1638,34.37695626457949
1639,0.3395294440474171
1640,47.18607807737929
1641,68.66651396729534
1642,15.625024735443851
1643,6.1060245840724585
1644,0.6372335564610703
1645,0.010424598099245393
1646,0.6932573953558833
1647,3.263988326288459
1648,8.853012390128718
1649,9.533082866511947
1650,7.041379407899561
1651,5.13760311867283
1652,4.020057393021405
1653,3.2857836660915476
1654,2.7594172171911353
1655,2.368041885168728
1656,2.072939981333986
1657,1.8474725878934473
1658,1.673254672506272
1659,1.5372600614245293
1660,1.4301889950757847
1661,1.3452386554605211
1662,1.2774322046450262
1663,1.2229990631109473
1664,1.1790959753306418
1665,1.1435663067249047
1666,1.1147394062799594
1667,1.0912589893464872
1668,1.0721265218940226
1669,1.0565120812214692
1670,1.0437489193491707
1671,1.0332990509616828
1672,1.0247742896933387
1673,1.0177976967097135
1674,1.01211290579564
1675,1.0074775819604647
1676,1.0037150001671296
1677,1.0006590857607673
1678,0.9981980119029109
1679,0.9962183205069843
1680,0.9946500091303309
1681,0.9934018080166238
1682,0.9924332134176106
1683,0.9916939570544172
1684,0.9911348864044738
1685,0.9907349657342586
1686,0.9904642013889559
1687,0.9902935946736197
1688,0.9902216982396527
1689,0.9902195546268533
1690,0.9902672340459646
1691,0.9903742308055795
1692,0.550926211470308
1693,0.03017152195724777
1694,0.5810297370240894
1695,5.264013368143172
1696,14.910103654255272
1697,21.95604082575467
1698,29.90265364700216
1699,52.882757679717706
1700,81.00735680612779
1701,87.38206225634407
1702,1.629734993587974
1703,2.252189830730496
1704,14.295344917307176
1705,6.650693330971737
1706,8.088915481305301
1707,9.751413330746942
1708,7.836732411388594
1709,6.125847951923179
1710,1.3776799399501016
1711,0.8057292813218943
1712,2.1954825049612636
1713,0.8286274575990263
1714,1.4251331444058075
1715,0.7955982496586143
1716,0.1115047231644725
1717,0.24407267155819398
1718,0.12103783645859396
1719,0.12818373759029855
1720,0.8739984921286824
1721,0.20774504734797886
1722,1.4480828710872558
1723,0.12939603694803198
1724,0.44805063220370234
1725,0.6288838371216011
1726,0.13353717069793175
1727,0.04920900161399043
1728,0.0021645425159318703
1729,0.1365416076258013
1730,0.0044876956634917345
1731,0.23175043068207546
1732,0.007342934626044532
1733,1.3002785246363495
1734,3.691532096364974
1735,13.308654424083228
1736,33.603639737935914
1737,86.19646424246505
1738,44.52828276465536
1739,8.43125303268487
1740,3.1274301698646094
1741,0.5223860804872869
1742,0.0050389543752172045
1743,1.6441929958523387
1744,4.92815186726436
1745,8.051733686324969
1746,5.09022367410531
1747,3.744676679692302
1748,3.089617938195471
1749,2.6244659202513447
1750,2.276303325897548
1751,2.011958029102718
1752,1.808789620327477
1753,1.650926132155485
1754,1.5271350372592996
1755,1.4292564057168957
1756,1.3513455274155863
1757,1.2889621330701768
1758,1.2387501601020876
1759,1.1981813609845957
1760,1.1652740132601282
1761,1.1385279047368224
1762,1.116738487155563
1763,1.0989523505971115
1764,1.0844320854636527
1765,1.0725545558670873
1766,1.0628350815208671
